,회사명,상장유지년도_2020(X1),2020 배당성향(X3),2020 배당률(X4),당기순손실여부_2020(X5),주당순이익감소여부_2020(X6),유동비율_전기(X7),부채비율_전기(X8),총자산증가율_전기(X10),매출액증가율_전기(X11),매출액순이익률_전기(X12),총자본영업이익률_전기(X13),자기자본순이익률_전기(X14),2020_외국인지분율(X17),외국인지분율변동_2020(X18),배당정책_2020(Y)
0,AJ네트웍스,6,296.433,21,0,1,31.77,303.47,-2.23,15.77,3.77,4.18,5.74,10.75,0,0
1,AK홀딩스,22,1.963,8,0,1,7.56,30.54,10.3,34.22,20.66,4.69,1.82,8.39,1,0
2,AP시스템,4,8.452,24,0,0,143.14,170.04,-12.06,26.74,4.11,12.24,17.57,10.7,1,1
3,BGF,7,58.878,11,0,0,4111.19,2.73,0.89,44.54,43.02,2.12,1.52,8.18,1,0
4,BGF리테일,4,33.787,240,0,1,82.03,243.77,9.18,3.78,2.04,7.09,18.75,30.82,1,0
5,BYC,46,5.078,22,0,1,100.24,49.19,-1.95,-5.13,11.03,3.4,3.99,2.11,1,0
6,CJ ENM,22,50.537,32,0,1,95.57,58.25,12.69,-13.9,6.2,5.11,5.44,21.08,0,1
7,CNH,27,5.907,2,0,0,0,36.57,21.11,72.6,66.26,18.87,21.21,0.59,1,1
8,CS홀딩스,46,4.847,10,0,1,8052.41,4.58,0.22,0.83,27.97,0.68,0.56,2.7,0,0
9,DMS,17,6.034,20,0,0,134.07,75.36,23.61,15.66,16.28,7.84,17.28,3.33,1,1
10,DRB동일,45,15.374,10,0,1,120.73,50.3,17.93,-4.45,1.49,1.37,0.74,1.37,1,0
11,DSR제강,18,10.911,8,0,1,158.51,41.02,2.29,-7.98,3,1.71,3.61,3.94,0,0
12,E1,24,22.581,44,0,0,102.27,122.99,1.88,-14.63,2.27,2.24,5.77,4.64,0,0
13,GST,15,8.554,30,0,1,370.18,22.81,-0.04,2.24,7.36,14.15,11.53,5.35,1,0
14,GS리테일,10,44.848,90,0,0,67.23,142.04,0.49,-0.6,2.13,4.63,7.89,14.16,1,1
15,HB테크놀러지,17,184.409,4,0,0,208.5,33.89,-6.33,8.73,2.12,3.77,3.23,2.62,1,0
16,HDC랩스,6,38.508,80,0,0,359.63,32.96,-8.16,3.13,6.01,7.12,9.54,3.42,1,1
17,HRS,21,26.029,30,0,0,354.87,12.43,2.49,5.3,14.95,11.7,11.92,5.98,0,1
18,ISC,14,37.883,30,0,0,174.43,27.34,34.4,35.69,22.57,7.75,12.67,4.57,1,1
19,JW생명과학,5,46.939,20,0,1,75.7,65.35,6.99,8.49,9.2,18.49,13.07,5.39,1,0
20,JW홀딩스,14,112.672,18,0,0,33.93,104.03,-4.16,6.34,24.18,4.94,11.05,4.21,1,0
21,JYP Ent.,20,17.241,30.8,0,1,363.92,17.61,5.27,-10.1,19.18,19.68,15.44,21.72,0,0
22,KCC건설,20,9.635,3.6,0,0,150.81,144.05,-5.93,-32.93,3.42,5.56,9.4,4.45,0,1
23,KCI,20,20.274,40,0,1,480.28,13.33,7.96,5.18,14.49,16.67,14.23,1.86,1,0
24,KC그린홀딩스,27,1.121,8,0,1,671.23,19.19,-4.96,4.81,-23.64,5.92,-2.75,2.94,1,0
25,KG ETS,8,14.257,22,0,1,58.51,101.22,-14.83,-4.36,-37.98,5.17,-31.87,2.21,1,0
26,KG모빌리언스,17,36.322,44,0,0,313.72,55.52,6.41,62.7,11.44,10.32,8.79,3.02,1,1
27,KG이니시스,19,17.585,70,0,1,52.17,167.01,25.16,7.18,7.52,6.9,14.99,17.93,0,1
28,KG케미칼,32,3.348,8,1,1,48.48,76.43,-6.84,-6.42,-7.37,2.72,-6.46,3.18,1,1
29,KISCO홀딩스,32,12.334,30,0,1,28316.53,0.1,0.59,0.58,88.31,1.94,2.22,9.92,1,1
30,KNN,11,32.065,3,0,1,518.02,6.6,1.61,-22.59,11.94,2.7,3,0,0,0
31,KPX케미칼,27,20.301,55,0,0,393.85,17.4,18.24,-5.45,10.55,9.22,12.39,29.42,0,1
32,KPX홀딩스,15,6.527,62,0,0,368.02,10.26,32.09,470.06,122.15,2.15,19.55,31.91,1,1
33,KSS해운,14,51.32,60,0,1,29.32,297.92,11.71,-2.27,5.86,4.76,4.93,7.94,1,1
34,KTcs,11,28.663,16,0,1,193.35,83.09,-3,-4.19,1.11,5.57,3.67,7.51,1,0
35,LF,15,49.762,10,0,1,316.3,35.85,2.88,-20.59,3.56,2.79,3.15,22.92,1,0
36,LIG넥스원,6,33.694,18,0,0,112.07,285.55,11.99,10.16,3.62,2.47,8.61,5.43,0,1
37,LS전선아시아,5,72.987,40,0,0,2775.4,4.29,7.91,287.35,91.39,10.14,10.34,1.53,1,1
38,MH에탄올,25,59.9,70,0,0,117.69,69.27,-3.51,9.12,2.26,8.45,2.01,1.5,0,0
39,NAVER,13,7.015,402,0,0,75.46,21.5,32.26,5.81,29,16.33,16.48,55.64,1,1
40,NE능률,19,62.218,8,0,0,304.3,40.9,-3.45,-10.95,1.29,2.85,1.54,0.86,1,1
41,NICE,17,19.311,54,0,1,12.19,51.5,8.01,-12.75,-36.15,4.06,-4.5,23.26,0,1
42,NICE평가정보,21,34.849,55,0,0,206.03,38.83,13.2,10.49,11.78,16.97,17.67,37.86,0,1
43,NI스틸,46,11.785,10,0,0,39.38,136.64,11.1,29.92,6.3,6.48,9.99,2.31,1,0
44,PI첨단소재,0,50.042,142.2,0,0,178.14,42.82,2.82,17.04,15.94,14.85,14.75,9.05,0,1
45,PN풍년,26,9.626,5,0,1,369.17,24.13,-6.16,5.67,4.18,1.12,6.08,0.55,1,0
46,RFHIC,6,150.798,20,0,1,592.13,35.99,11.6,-45.05,3.71,-0.98,1.03,6.41,1,0
47,S&K폴리텍,14,33.493,50,0,1,279.7,59.71,-3.81,-32.11,-10.21,-2.87,-3.11,2.46,1,1
48,SGC에너지,28,83.675,30,0,0,22.95,193.72,0,-74.42,12.08,0.34,1.51,2.2,0,1
49,SGC이테크건설,22,1.225,30,0,0,113.64,348.31,-17.2,-8.58,13.74,-2.87,105.81,1.89,1,0
50,SHD,33,24.844,2,0,1,182.81,85.53,-1.69,4.34,0.63,0.29,1.41,0.13,1,0
51,SIMPAC,32,10.103,12,0,0,125.85,51.22,7.87,-30.58,9.67,1.05,6.06,7.84,1,0
52,SK,12,292.585,3500,0,0,61.86,59.07,4.69,7.04,49.4,7.03,11.57,21.41,1,1
53,SKC,24,48.561,20,0,0,56.63,52.91,7.36,-54.73,82.66,0.43,23.13,7.72,1,0
54,SK디스커버리,45,5.753,20,0,0,218.02,25.46,8.42,-16,77.62,0.74,1.68,9.61,1,1
55,SK디앤디,6,25.273,60,0,0,135.14,187.99,27.63,53.53,11.07,6.04,11.28,5.12,0,0
56,SK하이닉스,25,16.816,23.4,0,0,177.75,29.24,10.15,20.55,13.82,7.1,8.51,49.65,1,1
57,SNT모티브,19,40.422,32,0,1,232.53,42.31,5.4,-1.42,6.1,8.27,7.08,25.14,1,1
58,SNT에너지,13,55.114,160,0,1,257.09,40.37,0.2,13.4,4.09,6.84,3.98,2.35,1,0
59,SNT중공업,45,88.506,12,0,1,332.73,37.16,-0.7,-22.99,3.92,1.79,1.5,10.15,1,0
60,SNT홀딩스,19,12.337,130,0,0,8808.28,0.07,1.63,129.76,90.68,5.42,5.42,10.25,1,1
61,TCC스틸,37,20.178,1.5,0,1,92.8,165.86,-3.35,-4.69,-0.98,0.92,-3.23,0.39,1,0
62,TPC,20,11.405,7,0,0,101.06,211.53,0.32,-3.78,5.02,1.91,12.3,4.07,0,1
63,WISCOM,25,76.556,10,0,1,640.47,10.4,-2.22,-11.97,-0.07,-0.78,-0.06,4.63,1,0
64,YTN,20,15.752,3,0,0,280.71,55.61,5.73,-0.82,6.16,0.5,4.1,0.54,0,1
65,YW,20,26.345,20,0,0,261.56,57.88,1.87,-13.36,18.73,3.17,4.3,0.19,1,1
66,가비아,16,3.293,12,0,0,80.56,68.07,18.22,10.03,7.42,7.27,8.15,11.93,1,1
67,가온미디어,16,36.071,10,0,1,183.72,83.18,-6.14,-36.48,0.95,2.29,2.28,5.54,1,0
68,가온전선,34,24.812,12,0,0,163.05,91.04,2.75,1.88,1.01,2.48,2.98,4.42,1,0
69,강남제비스코,46,12.965,50,0,0,263.09,22.66,5.79,1.94,2.83,-1.47,2.15,9.62,1,0
70,갤럭시아머니트리,14,46.445,11,0,1,136.62,183.95,9.23,-5.06,4.88,3.1,4.29,0.38,1,0
71,경남스틸,21,84.005,100,0,1,177.23,57.63,-2.27,-6.5,1,3.8,3.38,1.96,0,1
72,경농,44,33.593,50,0,0,158.64,51.62,0.64,9.46,6.31,3.96,5.3,0.33,1,1
73,경동도시가스,4,27.103,35,0,1,125.27,96.46,-6.73,-23.62,1.73,2.56,5.3,15.46,1,0
74,경동인베스트,24,6.614,10,0,0,3110.59,0.47,-3.03,-10.47,16.88,0.15,0.43,11.02,1,0
75,경동제약,29,104.357,100,0,1,412.1,10.66,4.7,-2.27,7.92,6.58,5.19,7.72,1,1
76,경보제약,6,25.422,20,0,0,147.38,62.27,6.49,12.3,4.37,3.42,6.03,1.39,0,0
77,경인양행,26,27.154,10,0,1,107.54,101.53,1.32,-12.59,-4.77,-1.41,-5.34,3.49,1,0
78,경인전자,32,24.082,5,0,1,1844.54,5.53,-1.58,101.58,-4.93,0.23,-1.02,13.33,1,0
79,고려산업,30,12.762,3.5,0,0,82.52,113.37,4.34,-1.21,3.19,3.74,6.25,0.37,1,1
80,고려신용정보,19,37.14,55,0,0,79.73,109.55,33.98,12.78,7.69,15.95,34.44,1.7,0,1
81,고려아연,31,46.12,300,0,1,518.52,12.81,8.26,8.3,9.93,10.39,8.43,23.63,1,1
82,고려제강,45,220.041,30,0,1,118.08,24,-3.33,-11.82,2.68,2.1,1.07,7.22,1,0
83,고려제약,21,22.205,30,0,0,644.3,17.6,9.88,20.28,11.02,13.25,10.38,1.27,1,1
84,고영,13,81.171,110,0,1,715.4,19.97,-1.59,-25.02,4.74,4.48,2.95,65.74,0,0
85,골프존,6,41.82,500,0,0,147.28,52.27,14.16,17.56,12.93,14.82,15.89,8.24,0,1
86,골프존뉴딘홀딩스,10,17.565,23.4,0,0,372.85,20.05,4.58,113.75,47.3,6.42,5.81,1.94,1,0
87,광동제약,32,9.009,10,0,0,194.87,48.09,4.08,2.06,3.96,6.57,6.57,22.65,1,1
88,광명전기,31,14.35,3,0,1,211.27,51.25,6.39,-9.98,4.35,3.16,4.95,3.29,1,0
89,광주신세계,19,12.906,70,0,1,201.12,12.34,4.25,-4.76,29.26,6.16,6.18,12.26,0,0
91,구영테크,19,101.834,6,0,1,83.14,157.34,7.16,-8.9,1.06,1.57,1.54,2.51,0,0
92,국도화학,32,21.241,24,0,1,157.69,61.21,2.67,-1.92,2.44,3.03,4.29,27.86,1,0
93,국보디자인,19,11.961,64,0,0,98.2,63.17,25.76,7.07,6.5,8.64,10.82,11.41,1,1
94,국순당,21,13.495,32,0,0,673.27,7.5,0,5.87,30.62,0,7.33,0.18,1,1
95,그린케미칼,16,47.365,42,0,0,159.1,56.17,-5.34,4.54,4.27,8.32,9.13,0.95,1,1
96,극동유화,30,65.724,28,0,1,146.75,58.75,-6.08,-22.09,1.14,5.64,4.24,2.05,0,0
97,금강공업,33,43.369,4,1,1,83.96,107.12,-13.05,-21.79,-7.19,-3.93,-7.27,1.74,1,0
98,금강철강,19,56.933,20,0,1,378.76,24.33,0.77,2.3,1.46,2.98,2.35,1.97,1,0
99,금비,31,29.087,26,0,1,85.44,89.94,2.83,-13.27,-2.23,-1.59,-2.16,0.21,0,0
100,금호건설,45,67.92,10,0,1,93.8,244.96,3.86,14.52,2.41,5.87,11.04,2.95,1,0
101,금화피에스시,21,25.642,260,0,1,568.01,11.04,3.1,14.85,10.52,9.2,9.14,28.85,0,0
102,기신정기,14,50.414,30,0,1,1096.94,7.35,1.58,3.23,6.94,3.36,3.13,63.44,1,0
103,까뮤이앤씨,32,9.631,4,0,1,105.83,100.83,-1.57,-42.94,5.69,1.7,11.12,1.34,0,0
104,나노신소재,10,69.499,20,0,1,718.63,15.51,4.73,-0.75,3.64,1.47,1.91,1.26,1,0
105,나라엠앤디,20,46.178,10,0,1,93.86,106.94,-8.58,-4.34,-1.99,-1.74,-2.48,0.41,1,0
106,나이스디앤비,10,27.278,40,0,0,302.07,26.38,13.68,19.93,17.33,17.24,19.2,44.24,0,1
107,나이스정보통신,21,33.216,92,0,1,247.78,37.3,9.31,-4.09,3.68,9.76,3.38,21.74,1,0
108,남양유업,43,1.598,20,0,1,485.77,23.12,-4.87,-8.08,-5.26,-6.75,-5.7,24.13,0,0
109,남해화학,26,15.317,8,0,0,322.47,30.14,1.43,-14.94,2.48,4.48,5.53,5.99,0,1
110,남화산업,3,31.147,50,0,0,1489.32,9.14,4.01,18.04,37.32,4.86,4.71,0.2,1,1
111,남화토건,9,17.99,20,0,0,371.22,19.43,6.73,39.7,6.67,3.83,4.36,1.59,0,1
112,네오셈,3,8.977,20,0,0,301.3,47.69,-2.02,86.73,11.03,13.53,12.88,0,0,1
113,네오오토,6,11.107,10,0,0,106.22,74.64,2.39,-0.8,3.02,2.05,4.29,3.31,1,0
114,네오티스,14,703.841,50,0,1,117.67,133.49,17.5,-10.42,0.4,2.85,0.36,8.95,1,0
115,네오팜,14,28.039,130,0,1,753.01,13.14,7.77,-2.54,21.34,16.11,14.81,11.73,1,0
116,넥센,34,621.207,17,0,0,165.24,17.01,5.44,0.32,5.5,3.34,3.31,2.8,1,1
117,넥센타이어,45,65.149,21,0,1,239.16,69.97,1.41,-25.44,2.37,1.55,1.82,6.99,1,0
118,넷마블,4,18.566,767,0,0,65.31,26.53,44.39,10.11,7.5,1.5,2.01,22.58,1,1
119,노루페인트,15,31.309,55,0,1,116.03,94.44,4.94,-1.66,2.04,3.67,3.67,6.14,0,0
120,노바렉스,3,9.541,60,0,0,172.41,85.89,38.11,40.06,11.45,12.78,22.05,1.27,0,1
121,노바텍,3,5.554,60,0,1,736.14,12.96,47.44,-23.83,26.51,5.56,8.65,3.37,0,1
122,노터스,2,13.181,150,0,0,173.4,33.98,20.74,34.27,18.04,11.47,15.07,2.09,0,1
123,녹십자,32,19.177,30,0,0,188.14,69.3,6.9,7.13,4.34,2.26,4.84,19.43,1,1
124,녹십자웰빙,2,58.052,10,0,1,254,37.91,7.36,12.95,2.02,2.02,1.84,0.98,0,0
125,녹십자홀딩스,43,12.613,100,0,0,32.24,71.31,16.33,23.97,63.94,3.82,7.99,6.28,1,1
126,농심홀딩스,18,13.55,40,0,0,1323.32,0.79,-4.22,6.63,76.17,2.57,2.63,3.96,1,0
127,뉴트리,3,11.283,50,0,0,360.79,35.87,28.08,42.22,9.14,22.25,22.87,0.77,0,1
128,뉴파워프라즈마,5,6.802,50,0,0,271.98,61.83,71.05,36.57,20.96,3.62,10.82,3.59,1,1
129,다우데이타,22,1.455,50,0,0,95.07,161.91,16.5,3.34,6.87,2.29,8,4.39,0,1
130,다원시스,11,18.063,20,0,0,112.33,162.53,14.29,46,5.08,2.52,5.56,7.66,0,0
131,대동,46,7.896,8,0,0,93.18,167.56,17.23,2.5,2.11,2.76,5.47,2.2,1,1
132,대동금속,28,10.267,6,0,0,60.35,195.22,-0.31,25.52,1.37,1.93,4.24,0.05,0,0
133,대동기어,30,15.376,8,0,0,70.01,197.77,5.56,9.31,1.5,2.59,3.61,0,1,1
134,대동스틸,19,149.576,6,0,1,345.59,27.71,2.21,-6.12,0.19,1.3,0.32,1.49,1,0
135,대륙제관,27,19.805,30,0,0,269.46,45.43,7.43,7.57,5.68,9.31,10.35,4.55,0,1
136,대림제지,27,5.154,15,0,0,216.75,30.84,5.62,21.56,10.16,6.77,7.07,2.86,0,1
137,대모,2,100.294,8,0,1,279.42,73.15,0.5,-9.57,0.32,0.65,0.29,0.94,0,0
138,대봉엘에스,16,7.444,10,0,0,616.35,20.13,21.62,8.1,21.68,1,18.03,1.02,1,0
139,대상,51,19.862,70,0,0,165,116.58,5.85,6.02,4.42,5.82,10.71,16.02,1,1
140,대상홀딩스,16,4.961,22,0,0,356.25,4.53,-1.98,-12.87,9.23,3.12,0.63,5.74,0,1
141,대성미생물,21,21.278,17,0,1,518.92,71.47,22.02,-1.32,6.12,3.52,4.18,1.87,1,0
142,대성에너지,11,48.652,25,0,0,71.48,122.74,0.94,-4.16,1.95,3.51,4.58,1.88,1,0
143,대성홀딩스,22,8.434,25,0,0,65.34,51.57,5.06,117.63,48.72,6.96,7.14,2.27,1,0
144,대신정보통신,26,25.5,2,0,1,101.42,216.69,34.86,-15.25,0.86,2.56,5.79,1.04,1,0
145,대양전기공업,10,13.43,40,0,0,515.4,13.31,-0.7,8.91,7.58,6.51,6.45,1.46,1,0
146,대양제지,28,7.914,8,0,1,500.72,28.46,-2.15,-24.14,2.83,5.8,2.36,0.9,1,0
147,대웅,48,3.51,20,0,0,599.24,5.98,6.52,78.05,52.4,12.87,13.1,5.47,1,0
148,대웅제약,19,26.742,24,0,1,128.7,106.02,7.89,-6.01,0.33,1.06,0.54,4.86,1,0
149,대원,4,29.274,50,0,1,215.89,57.81,4.92,-4.84,2.95,1.85,1.53,0.13,1,0
150,대유에이피,3,37.721,40,0,1,67.59,236.11,34.31,-12.38,1.87,6.97,5.49,0.65,1,0
151,대정화금,11,23.959,60,0,0,262.21,25.81,6.39,0.73,11.11,6.29,6.97,0.55,1,0
152,대주산업,29,35.822,7,0,0,137.25,64.53,3.18,1.04,4.53,5.4,7.04,1.31,1,1
153,대주전자재료,17,14.531,10,0,0,89.73,125.42,8.18,33.36,5.01,4.65,6.83,4.07,1,1
154,대창단조,32,15.72,18,0,1,680.3,12.63,2.36,-11.02,4.21,5.89,5.09,6.71,0,0
155,대한과학,10,16.248,12,0,0,280.72,25.99,-0.14,7.76,2.77,4.46,4.07,0.62,1,0
156,대한약품,27,12.377,80,0,1,310.22,39.12,2.53,-1.59,10.47,11.84,9.55,13.02,0,0
157,대한유화,22,14.561,60,0,0,1009.29,8.51,3.99,-9.36,6.35,8.51,6.51,17.61,0,1
158,대한제강,16,12.193,30,0,1,178.33,41.92,10.61,-12.75,1.34,10.08,2.35,10.7,1,1
159,대한제당,53,35.526,36,0,0,164.67,110.2,0.4,0.29,1.53,3.66,3.59,2.01,0,1
160,대한제분,51,15.81,40,0,0,382.14,10.95,5.32,-2.02,1.77,2.15,0.85,10.51,1,0
161,대한화섬,36,2.842,8.2,0,1,408.95,18.96,18.53,-23.94,18.65,0.42,2.67,0.31,0,0
162,대현,31,19.642,8,0,1,363.66,24.26,-4.08,-15.48,3.56,2.82,4.43,6.8,1,0
163,대화제약,18,104.84,30,0,1,60.72,82.13,6.62,-5.71,-0.67,2.96,-0.65,3.43,1,0
165,더블유게임즈,2,4.761,70,0,0,380.23,6.1,7.25,19.27,55.63,12.89,19,14.77,1,0
166,더존비즈온,33,28.975,90,0,0,101.5,104.33,10.04,16.93,17.73,9.41,13.72,45.75,0,0
167,덕성,34,19.426,9,0,0,176.76,59.11,4.01,28.81,2.85,3.7,4.81,0.8,1,1
168,덕우전자,4,21.969,28,0,0,211.6,62.16,48.73,26.66,8.98,9.6,13.64,0.96,1,0
169,덴티움,4,7.762,40,0,0,89.37,120.88,-8.13,-13.85,8.08,5.94,6.55,14.71,1,1
170,도이치모터스,17,46.125,50,0,1,57.88,212.19,7.94,29.85,1.04,5.55,8.22,5.52,0,1
171,도화엔지니어링,11,52.263,56,0,0,110.58,65.19,6.88,18.36,3.61,6.32,8.38,1.54,1,1
172,동구바이오제약,3,10.318,20,0,1,178.61,52.51,8.76,11.16,6.57,5.27,9.66,0.34,1,0
173,동국알앤에스,17,46.333,8,0,0,155.21,60.87,-1.74,-11.06,1.78,1.46,1.73,1.56,1,0
174,동국제약,14,13.907,36,0,0,295.67,29.75,14.09,16.77,10.74,14.56,13.17,23.27,1,0
175,동방아그로,44,65.91,74,0,0,412.76,38.51,1.01,3.94,5.19,4.76,4.75,28.98,0,1
176,동부건설,43,46.569,18,0,1,152.67,65.01,-2.36,-0.7,4.62,7.31,10.69,2.32,1,1
177,동서,5,57.278,140,0,1,1494.65,8.79,3.19,-1.33,26.49,2.25,8.46,4.48,1,0
178,동성케미컬,13,29.58,25,1,0,75.3,50.07,-4.63,-23.49,-0.23,1.48,-0.21,3.28,0,1
179,동성화인텍,24,43.651,70,0,0,103.39,119.56,-5.99,62.38,5.37,18.71,18.6,4.46,1,1
180,동신건설,26,42.214,30,0,1,504.91,30.62,9.23,47.78,-5.45,1.98,-2.27,0.17,1,1
181,동아쏘시오홀딩스,51,3.731,20,0,0,65.58,47.79,9.25,-19.47,133.74,1.9,11.79,12.53,1,0
182,동아에스티,8,31.135,20,0,1,312.92,52.36,-2.71,-4.19,4.71,3.46,4.28,25,0,0
183,동아엘텍,14,13.981,30,0,1,345.77,22.58,2.13,-20.47,6.86,3.98,4.73,4.58,1,0
184,동아지질,12,41.503,15,0,1,179.02,74.71,3.96,-17.39,0.75,0.99,1.23,6.83,0,0
185,동아타이어,4,82.378,160,0,1,307.41,7.86,2.96,-8.05,9.41,4.3,3.66,4.35,0,1
186,동아화성,20,68.434,24,0,0,156.89,46.07,-5.31,-10.86,7.04,6.62,9.05,0.48,1,1
187,동양에스텍,19,16.914,20,0,0,190.89,77.92,-14.82,-14.47,3.87,1.13,9.5,0.1,1,0
188,동양이엔피,16,13.609,80,0,1,319.65,30.68,8.8,-7.77,3.8,10.78,7.08,10.08,1,1
189,동양피스톤,4,10.638,12,0,1,81.36,185.23,-0.36,-8.05,0.49,2.55,1.33,0.47,1,0
190,동운아나텍,6,35.607,4,0,1,278.95,135.04,29.96,29.13,1.12,3.31,2.66,11.1,0,0
191,동원F&B,21,17.332,70,0,0,245.12,101.04,6.77,4.21,2.97,6.83,8.58,6.28,1,1
192,동원개발,27,11.632,37,0,0,711.58,18.23,14.54,-1.87,22.9,17.61,16.03,13.68,1,1
193,동일고무벨트,9,18.758,20,0,1,245.91,37.67,-1.79,-6.95,3.19,5.51,3.82,2.88,0,0
194,동일금속,12,29.092,60,0,1,575.38,6.63,0.31,-32.14,11.08,1.99,5.08,0.22,1,1
195,동일기연,24,161.758,9,0,1,1146.59,6.62,-0.89,-14.41,4.42,2.82,2.06,1.37,0,1
196,동일산업,16,48.645,36,0,0,785.15,10.67,1.42,-11.94,2.38,-0.34,1.88,4.46,1,1
197,동진쎄미켐,22,6.03,20,0,0,113.14,105.81,12.75,4.19,9.44,10.62,16.72,9.48,0,1
198,동화약품,45,17.306,18,0,0,381.82,22.4,7.57,-12.93,10.64,5.51,8.59,3.11,1,1
199,두올,5,45.42,3.2,0,1,188.99,74.39,16.25,15.74,2.23,5.93,3.48,1.12,1,0
200,드림텍,2,61.256,100,0,1,146.03,37.34,8.88,-1.95,1.25,0.89,2.45,22.46,1,0
201,디바이스이엔지,4,13.717,120,0,0,221.91,59.42,45.87,191.88,24.09,27.75,30.76,5.11,1,1
202,디스플레이텍,19,34.874,16,0,1,567.36,10.03,-0.8,-16.86,10.52,2.31,2.52,1.69,0,0
203,디알젬,3,11.199,40,0,0,306.31,37.88,15.14,75.89,18.71,31.25,37.39,14.43,0,1
204,디에이치피코리아,11,11.136,20,0,1,1088.67,9.26,9.19,0.64,23.68,11.94,12.12,4.35,0,0
205,디엔에프,14,14.927,40,0,0,298.05,13.6,18.13,41.39,19.03,9.94,13.82,16.42,0,1
206,디와이,32,83.117,20,0,0,730.22,1.3,-5.67,-54.57,9.03,2.06,1.84,9.89,1,0
207,디와이파워,6,9.555,44,0,1,346.64,25.4,4.11,-21.86,4.76,3.1,5.03,6.01,1,1
208,디와이피엔에프,12,15.444,84,0,0,190,65.97,-4.14,26.32,11.88,20.96,26.85,7.06,0,1
209,디지털대성,18,53.944,60,0,1,59.33,57.14,6.97,12.32,6.78,6.4,9.52,1.35,1,0
210,디지틀조선,24,40.497,4,0,1,906.52,7.41,0.43,-10.86,10.61,1.84,3.86,1.24,1,0
211,디케이락,11,1047.51,30,0,1,206.77,60.25,18.63,-4.27,0.13,1.87,0.1,1.14,1,0
212,디티알오토모티브,33,35.592,400,0,0,279.71,8.41,1.11,5.41,11.74,5.37,5.85,6.3,1,1
213,딜리,10,198.478,40,0,1,886.96,10.93,-4.94,-31.38,-1.16,1.83,-0.58,16.25,1,0
214,라이온켐텍,8,46.188,40,0,1,267.92,23.48,3.52,-15.06,5.81,11.53,6.92,2.49,1,1
215,러셀,6,43.399,25,0,1,1166.03,7.23,-1.44,-29,7.22,7.25,5.05,1.04,1,0
216,레드캡투어,21,43.467,120,0,1,21.4,168.63,9.09,-10.81,5,4.48,6.65,11.61,1,0
217,레이언스,5,38.598,20,0,1,1393.04,7.94,-4.03,-18.12,-6.87,5.58,-3.08,2.99,1,0
218,로지시스,6,201.313,20,0,0,281.03,46.49,-1.08,-1.78,1.41,1.7,2.83,1.56,1,1
219,롯데쇼핑,15,11.529,56,1,1,69.67,159.66,-7.57,-10.18,-11.85,0.54,-10.75,11.26,1,0
220,롯데정밀화학,45,19.219,30,0,1,298.79,11.7,0.36,-3.84,12.76,8.06,10.45,22.87,1,0
221,롯데정보통신,3,35.452,14,0,1,123.22,56.58,-6.75,8.23,3.59,6.02,7.29,2.63,1,0
222,롯데지주,47,29.952,500,0,1,80.28,57.63,1.8,-25.46,-127.4,2.06,-6.1,11.16,1,1
223,롯데케미칼,30,70.369,72,0,1,224.42,30.84,5.42,-0.09,1.26,1.36,1,26.25,1,0
224,롯데하이마트,10,98.636,24,0,0,116.9,73.9,7.78,0.63,0.71,4.81,1.49,11.75,1,1
225,리노공업,20,41.114,300,0,0,1175.67,7.17,11,18.22,27.51,21.54,16.42,43.68,0,1
226,린드먼아시아,3,9.969,7.6,0,0,2087.94,3.24,8.31,20.58,46.12,12.96,10.4,1.77,0,0
227,마이크로컨텍솔,13,18.555,5,0,0,364.44,22.81,12.19,12.44,2.91,3.76,3.26,15.34,1,1
228,마크로젠,21,3.331,60,0,1,170.09,54.58,-2.81,-0.49,3.15,1.86,2.1,1.2,1,1
229,만호제강,44,47.847,20,0,0,1027.13,7.36,0.32,-5.88,0.85,0.06,0.72,4.74,0,0
230,매커스,14,14.875,20,0,0,201.5,64.84,-5.82,45.77,9.59,9.86,13.4,12.67,0,0
231,메가스터디교육,6,42.029,750,0,1,54.82,95.51,25.35,7.97,5.59,6.34,9.13,27.79,1,0
232,메가엠디,6,45.189,20,0,0,120.35,67.16,4.74,5.88,8.21,9.52,9.08,0.94,1,1
233,메타바이오메드,13,5.601,2,0,1,108.59,104.73,4.45,-20.37,-10.63,2.93,-8.68,4.92,0,0
234,멕아이씨에스,6,4.169,28.8,0,0,273.18,71.63,200.56,561.3,38.16,44.38,60.29,4.02,0,1
235,모나미,47,2593.75,7,0,1,70.81,114.08,-0.44,-4.36,1.51,0.88,1.97,1,1,0
236,무림P&P,32,103.006,5,0,1,121.52,98.17,2.21,-18.06,-3.35,-0.84,-2.81,2.69,1,0
237,무림SP,21,30.781,5,0,0,227.75,46.79,0.73,-8.09,4.35,2.42,3.03,2.41,0,0
238,무림페이퍼,31,5.497,2,0,0,103.16,177.2,-0.61,-18.32,0.78,0.97,1.02,5.34,1,0
239,무학,11,30.778,75,0,1,123.29,13.92,-4.99,-10.41,5.81,0,1.52,15.19,1,1
240,문배철강,27,11.376,10,0,0,144.61,57.61,-3.87,-6.07,5.64,1.49,7.23,2.55,1,0
241,미스터블루,7,6.917,35,0,0,232.8,28.22,-1.66,11.42,12.79,9.4,10.75,0.77,1,1
242,미원상사,32,2.396,140,0,0,405.52,21.72,20.61,18.81,19.7,13.52,21.6,4.68,1,1
243,미원에스씨,4,24.837,340,0,1,491.01,23.77,4.13,-1.55,9.37,15.22,13.29,1.67,0,0
244,미원화학,10,22.182,250,0,0,744.17,11.01,5.27,3.56,8.6,12.89,12.2,5.29,1,1
246,바디텍메드,7,9.539,20,0,0,362.35,27.05,60.22,106.56,35.09,40.06,37.25,6.54,0,1
247,바텍,15,6.815,20,0,1,278.05,37.86,-13.78,-18.99,-23.77,6.87,-16.05,19.44,1,0
248,방림,32,26.473,7,0,1,551.18,16.21,-0.17,-14.91,6.7,-1.05,2.61,0.98,0,0
249,백광산업,45,21.759,10,0,1,57.27,81.87,-1.81,1.48,6.02,3.94,5.8,1.69,1,0
250,백산,22,14.395,20,0,1,119.74,80.1,-8.28,-15.21,-6.82,8.9,-10.37,2.76,1,0
251,베뉴지,28,11.83,6,0,0,104.27,68.41,0.43,-23.59,20.78,-0.19,2.94,0.9,0,0
252,벽산,49,31.186,1.4,1,0,93.6,63.5,1.54,2.63,-0.34,0.49,-0.41,5.07,1,1
253,보광산업,6,42.342,20,0,0,228.67,69.79,30.87,14.33,15.08,7.39,11.07,0.46,1,1
254,보락,32,60.658,2,0,1,419.3,22.97,-2.71,6,1.03,0.27,0.9,0.39,1,0
255,부광약품,33,61.604,20,1,1,327.91,35.23,0.29,0.09,-3.31,2.12,-1.86,5.35,0,0
256,부국철강,13,185.874,15,0,1,510.6,16.71,8.13,5.04,0.58,1.35,0.71,0.32,1,0
257,부산산업,31,6.4,5,0,0,196.52,20.3,-1.06,-2.67,1.2,-0.08,0.74,0.31,1,0
258,뷰웍스,12,18.52,90,0,1,465.84,14,8.66,17.6,14.72,14.15,12.57,29.55,1,1
259,브리지텍,13,132.857,20,0,0,281.19,26.58,0.6,24.55,1.95,4.04,2.58,1.88,1,0
260,브이원텍,4,26.057,20,0,1,623.63,10.6,7.28,16.61,18.06,6.97,6.52,1.7,1,0
261,비상교육,13,12.33,30,0,1,238.81,25.84,-6.26,-21,-6.69,0.37,-4.51,7.62,1,0
262,비아트론,9,8.056,20,0,0,323.1,26.65,20.25,86.62,12.37,9.48,7.94,3.65,1,1
263,비엠티,14,30.511,30,0,1,151.34,97.78,23.28,18.55,4.54,4.58,5.46,2.7,1,0
264,비즈니스온,4,110.59,60,0,1,770.72,6.45,0.98,3.48,15.48,7.76,4.13,6.85,0,1
265,비츠로셀,12,18.294,24,0,1,952.99,20.71,14.99,-13.24,12.42,9.58,8.96,32.55,0,1
266,비츠로테크,21,4.206,10,0,0,91.68,34.75,5.69,22.82,9.47,3.56,3.91,3.08,0,0
267,비트컴퓨터,24,15.497,12.2,0,1,205.3,28.77,12.65,-3.81,18.43,7.88,12.05,2.08,1,0
268,빅솔론,14,43.994,30,0,1,1089.8,9.76,0.48,-11.83,7.79,3.07,3.53,10.16,0,0
269,빙그레,43,40.563,32,0,0,262.83,21.02,5.43,5.87,4.48,5.94,6.9,25.47,1,1
270,빛샘전자,9,157.401,58,0,1,358.92,15.53,14.1,-16.38,8.48,3.07,3.52,6.48,0,1
271,사람인에이치알,9,30.672,120,0,1,464.51,14.58,11.48,0.74,28.45,17.2,16.05,26.17,0,1
272,사조대림,45,4.068,4,0,1,115.88,96.64,1.18,39.17,2.13,6.4,7.22,0.81,1,1
273,사조산업,32,8.151,4,0,1,121.35,85.62,-1.84,-0.42,-0.13,1.21,-0.17,3.15,1,1
274,사조오양,35,7.658,3,0,0,115.32,72.49,2.44,4.47,5.63,8.38,9.99,0.66,1,1
275,삼륭물산,29,20.618,15,0,0,211.18,39.04,-0.23,-1.65,7.37,4.89,4.54,0.31,1,0
276,삼보판지,25,4.808,25,0,1,127.77,27.47,5.27,25.14,2.49,1.58,1.89,2.44,1,0
277,삼성SDI,42,10.61,20,0,0,119.75,36.26,1.99,10.31,2.39,1.51,1.94,44.36,0,0
278,삼성공조,34,11.904,16,0,0,662.6,11.28,1,-10.86,10.24,0.29,2.62,8.36,1,1
279,삼성물산,7,32.69,2300,0,1,94.96,58.75,21.55,-4.48,1.68,0.63,1.14,14.03,0,1
280,삼성출판사,19,3.754,40,0,0,600.71,20.3,94.06,7.03,102.76,0.16,46.19,1.17,1,1
281,삼아알미늄,41,31.321,20,0,1,95.58,87.78,-0.27,7.25,2.26,3.85,3.18,33.04,1,0
282,삼아제약,21,1476.62,30,0,1,991.28,9.51,-4.78,-25.02,0.23,2.17,0.07,0.9,1,0
283,삼양사,10,16.311,25,0,0,222.2,82.39,9.77,-1.68,2.64,2.03,3.68,4.65,1,1
284,삼양식품,46,8.865,16,0,0,103.4,62.6,17.89,19,9.09,15.42,18.24,8.41,0,0
285,삼양옵틱스,4,282.291,120,0,1,615.56,26.15,-9.97,-39.34,6.16,7.25,6.74,0.93,1,0
286,삼양패키징,4,43.997,20,0,0,111.88,83.43,0.11,-2.1,8.79,9.26,10.49,12.53,0,1
287,삼영무역,33,25.426,100,0,1,842.66,11.39,-1,-11.83,6.8,2.36,4.7,19.95,0,1
288,삼영엠텍,20,24.083,30,0,0,161.82,32.92,-6.7,-2.19,11.83,1.24,8.68,1.57,1,1
289,삼원강재,10,51.394,21,0,1,330.95,21.25,3.41,-8.67,3.3,3.87,3.82,0.59,0,0
290,삼익THK,32,69.65,30,0,0,137.83,104.03,-1.27,13.73,1.69,1.48,2.35,34.67,1,0
291,삼익악기,33,41.929,10,0,1,47.1,106.91,7.26,-15.12,3.97,2.09,2.42,2.42,1,0
292,삼일,24,14.328,3,0,0,60.31,85.03,12.76,-13.21,-3.77,-1.3,-5.23,1.16,1,0
293,삼일기업공사,29,51.388,20,0,1,820.92,13.68,-2.33,-15.17,3.73,3.79,4.02,1.71,1,0
294,삼일제약,36,69.996,15,0,0,71.83,197.46,4.93,1.65,1.25,3.5,2.37,2.05,0,0
295,삼정펄프,15,9.309,20,0,0,814.72,10.34,12.84,-0.5,18.35,5.83,12.73,3.83,1,1
296,삼지전자,22,9.244,60,0,0,129.42,64.01,-2.63,39.67,14.22,2.49,7.61,1.64,1,1
297,삼진,24,18.245,40,0,1,391.44,18.93,4.76,-8.94,4.7,9.25,7.46,2.29,1,0
298,삼진엘앤디,17,119.054,15,0,1,132.44,52.77,-4.8,-22.28,-5.56,-4.61,-4.28,1.71,1,0
299,삼진제약,33,35.303,80,0,0,432.76,26.04,10.19,-2.79,11.86,11.98,13.06,18.35,0,0
300,삼천리자전거,26,18.353,40,0,0,109.94,35.7,-11.27,48.03,11.68,9.04,13.43,3.02,0,1
301,삼표시멘트,20,58.753,15,0,0,80.03,83.24,1.84,-8.76,4.05,4.64,3.51,2.25,1,1
302,삼현철강,20,29.982,30,0,0,475.58,19.51,7.79,-5.34,3.43,4.68,5,2.95,0,0
303,삼호개발,16,23.273,38,0,1,213.83,45.35,2.25,-1.41,4.08,3.68,6.88,6.1,1,0
304,삼화전기,35,11.449,10,0,1,86.82,139.5,10.57,2.92,1.52,1.67,4.99,24.86,1,0
305,상신브레이크,17,41.671,10,0,1,120.72,90.15,1.18,-9.38,0.97,3.31,1.4,1.7,1,0
306,상아프론테크,10,104.792,32,0,1,257.5,53.94,12.31,-13.09,2.1,2.11,1.54,2.28,0,0
307,새론오토모티브,16,46.791,30,0,0,485.07,10.51,4.99,-11.84,13.15,0.05,6.97,68.23,1,1
308,샘표,45,1.257,20,0,0,6392.23,3.91,9.75,21.2,98.04,9.07,10.04,5.58,1,0
309,샘표식품,5,2.533,40,0,0,240.84,39.36,17.74,13.6,9.91,14.97,16.62,5.3,1,0
310,서린바이오,16,16.021,20,0,1,312.53,26.38,-4.42,20.52,7.71,6.36,7.96,1.15,1,0
311,서부T&D,26,7.94,10,0,1,46.9,180.73,0.38,-34.26,-20,-0.36,-2.6,13.5,1,1
312,서암기계공업,10,84.808,7,0,1,710.16,11.77,-1.16,-17.29,1.64,-0.66,0.85,1.47,1,0
313,서연,32,4.25,10,0,0,1914.12,1.11,-0.77,-14.55,36.96,0.6,1.59,0.03,1,0
314,서연이화,7,6.618,20,1,0,98.9,84.25,-1.53,6.17,-0.99,3.74,-1.68,8.02,1,0
315,서연탑메탈,10,29.971,17,0,0,135.54,82.66,3.92,2.92,3.02,4.16,5.98,0.54,1,1
317,서울반도체,19,30.488,31.4,0,0,194.05,36.19,-3.64,1.68,2.95,2.81,3.97,11.67,0,1
318,서원인텍,14,38.455,70,0,0,885.75,9.7,7.5,-15,18.51,-0.51,13.35,9.63,0,1
319,서플러스글로벌,4,8.946,30,0,0,282.77,62.38,26.05,20.91,9.77,6.57,8.25,1.41,0,1
320,서호전기,19,75.948,200,0,1,197.02,21.42,-2.9,-8.44,11.08,12.52,8.88,1.99,1,0
321,서흥,31,8.443,90,0,0,125.26,74.26,7.5,21.02,8.91,8.39,12.48,12.13,0,1
322,서희건설,22,6.91,8,0,0,174.47,92.22,21.29,3.4,10.06,17.13,23.24,7.08,1,1
323,선진,10,2.792,20,0,1,71.63,108.01,5.96,19.28,2.41,3.62,5.79,12.11,0,1
325,성광벤드,20,200.925,20,0,1,1439.88,7.75,-0.71,-10.92,1.66,0.91,0.65,9.77,1,0
326,성도이엔지,21,3.297,40,0,0,112.01,74,-14.61,-31.65,20.32,-2.31,39.3,7.07,1,1
327,성보화학,45,43.75,27,1,1,627.28,16.47,-7.62,23.63,-11.37,-2.27,-4.3,0.72,1,0
328,성신양회,45,37.124,3,0,1,66.86,132.79,0.4,-6.19,2.06,2.74,2.5,7.16,1,0
329,성우테크론,20,9.359,8,0,1,163.13,46.59,5.89,15.21,9.48,5.07,6.76,3.37,0,0
330,성우하이텍,26,6.361,10,1,0,124.48,85.82,1.73,-5.42,-1.22,1.2,-1.39,13.55,1,0
331,성창오토텍,15,172.986,10,0,0,143.58,113.01,10.72,1.22,1.69,3.91,3.13,7.23,1,1
332,세경하이테크,2,33.657,20,0,1,283.86,42.38,8.51,-32.5,-4.1,0.66,-3.35,0.44,1,0
333,세보엠이씨,25,29.674,40,0,0,166.59,102.85,8.85,5.49,1.28,2.56,5.35,4.91,1,1
334,세아제강,3,21.175,50,0,0,215.79,76.74,2.26,-6.25,2.87,5.09,5.55,6.14,1,1
335,세아제강지주,52,17.946,30,0,0,25.44,8.61,0.61,35.09,106.34,0.9,2.15,3.46,1,0
336,세아특수강,10,109.01,14,0,1,319.05,39.28,-5.71,-19.68,-0.39,0.02,-0.6,2.2,0,0
0,AJ네트웍스,7,15.752,27,0,0,32.78,221.42,-0.49,7.05,15.25,4.71,19.87,5.27,1,1
1,AK홀딩스,23,1.309,4,0,0,2.04,43.12,14.01,14.07,49.52,4.85,4.79,5.42,1,0
2,AP시스템,5,6.325,48,0,0,212.06,125.19,15.46,-10.8,10.9,14.91,29.99,10.57,1,1
3,BGF,8,29.263,11,0,0,974.89,3.57,3.67,-18.02,123.88,1.23,3.49,5.2,1,0
4,BGF리테일,5,35.102,300,0,0,79.04,222.57,9.3,9.64,2.16,7.81,18.69,32.45,0,1
5,BYC,47,4.228,30,0,0,106.19,41,1.28,1.48,20.26,3.97,6.93,2.27,0,1
6,CJ ENM,23,19.13,42,0,0,93.57,81.31,23.03,4.54,7.17,5.36,6.12,21.95,0,1
7,CNH,28,66.417,0.8,1,1,0,40.03,-7.48,-61.11,-69.02,-8.21,-9.52,0.83,0,0
8,CS홀딩스,47,2.696,10,0,0,3566.59,4.88,0.99,9.73,63.27,0.75,1.38,2.71,0,0
9,DMS,18,6.941,20,0,1,152.08,63.52,5.62,-8.06,14.8,7.13,12.75,3.97,0,0
10,DRB동일,46,20.671,6,1,1,81.37,50.81,-7.23,-12,-17.16,-0.09,-8.13,1.43,0,0
11,DSR제강,19,7.559,8,0,0,148.5,57.12,17.19,17.56,3.68,1.78,4.95,7.56,0,0
12,E1,25,9.18,44,0,0,117.64,125.11,5.81,32.81,1.73,-0.05,5.55,3.57,1,0
13,GST,16,6.785,60,0,0,265.9,37.24,45.58,87.97,11.06,22.16,24.99,10.99,0,1
14,GS리테일,11,15.303,120,0,0,60.89,86.78,36.9,8.94,9.1,2.92,20.66,8.25,1,1
15,HB테크놀러지,18,16.324,4,1,1,254.55,54.24,11.97,-40.63,-6.63,-8.23,-6.16,5.39,0,0
16,HDC랩스,7,118.511,90,0,1,242.52,54.61,89.02,5.48,3.56,2.35,3.67,4.67,0,1
17,HRS,22,15.352,40,0,0,370.55,20.89,31.59,26.97,25.43,15.21,21.04,1.7,1,1
18,ISC,15,10.511,40,0,1,206.63,19.87,0.67,23.38,16.98,12.67,10.99,2.44,1,1
19,JW생명과학,6,59.957,20,0,0,70.75,67.94,3.94,-8.08,10.31,12.63,13.16,2.74,1,0
20,JW홀딩스,15,135.526,18,0,1,33.64,107.54,-1.18,-5.4,9.99,3.65,4.42,1.88,1,0
21,JYP Ent.,21,18.093,73.8,0,0,221.44,28.1,33.77,27.09,25.1,16.7,20.92,25.27,0,1
22,KCC건설,21,7.608,3.6,0,0,145.77,146.28,11.48,23.82,3.46,2.93,10.66,4.64,0,0
23,KCI,21,21.192,40,0,1,377.47,17.92,15.2,11.26,12.46,12.78,12.3,1.14,1,0
24,KC그린홀딩스,28,15.813,14,1,0,113.15,25.21,7.5,-10.67,31.61,5.29,3.21,3.08,0,1
25,KG ETS,9,2.243,24,1,0,37.79,77.34,0.29,18.63,11.15,7.76,9.75,1.73,1,1
26,KG모빌리언스,18,27.784,44,0,0,212.43,52.35,5.73,17.27,12.17,9.92,10.16,6.22,0,0
27,KG이니시스,20,17.148,80,0,0,62.42,136.63,4.6,15.97,7.59,7.35,14.87,13.84,1,1
28,KG케미칼,33,2.446,10,1,0,55.84,57.48,13.54,11.64,8.87,3.29,6.81,3.37,0,1
29,KISCO홀딩스,33,3.107,40,0,0,15522.88,0.23,-1.81,2.78,79.37,2.1,2.09,10.43,0,1
30,KNN,12,28.808,4,0,0,531.46,7.34,3.64,15.66,15.17,4.27,4.28,0,0,1
31,KPX케미칼,28,26.553,55,0,1,234.56,33.93,22.02,35.28,5.76,4.53,8.56,28.85,1,0
32,KPX홀딩스,16,14.326,60,0,1,919.56,4.25,-1.75,68.74,32.28,3.17,8.39,31.49,1,0
33,KSS해운,15,14.019,70,0,0,16.87,316.44,33.85,41.79,17.81,4.07,16.62,6.07,1,1
34,KTcs,12,21.089,20,0,0,188.88,81.67,4.33,7.17,2.61,5.16,8.84,10.02,0,1
35,LF,16,12.542,12,0,0,357.9,32.73,7.53,2.65,12.48,4.24,10.32,23.99,0,1
36,LIG넥스원,7,24.895,24,0,0,100.46,236.57,-0.92,13.79,5.77,3.78,13.76,6.66,0,1
37,LS전선아시아,6,45.707,48,0,1,935.6,4.43,-0.67,-81.01,57.81,1.21,1.24,2.38,0,1
38,MH에탄올,26,26.217,70,0,0,82.43,70.07,1.26,-10.5,10.76,3.72,8.51,3.46,0,0
39,NAVER,14,0.463,511,0,0,133.37,38.9,46.91,21.62,30.38,12.02,16.34,56.17,0,1
40,NE능률,20,23.492,12,0,0,294.18,39.9,27.81,3.26,5.42,4.51,5.19,1.18,0,1
41,NICE,18,13.83,75,1,0,24.35,44.9,-1.16,11.03,58.2,4.67,7.81,20.02,1,1
42,NICE평가정보,22,36.08,66,0,0,193.46,41.54,17.89,10.75,12.44,17.15,17.86,38,0,1
43,NI스틸,47,9.726,15,0,0,53.46,140.43,18.68,28.89,8.89,9.15,15.55,4.09,0,1
44,PI첨단소재,1,50.015,218,0,0,180.75,45.13,17.06,15.31,21.2,16.04,19.64,13.08,0,1
45,PN풍년,27,11.146,5,0,1,412.98,20.6,10.11,0.9,3.83,4.51,4.96,4.63,0,0
46,RFHIC,7,66.935,30,0,0,662.05,38.92,45.3,23.3,8.97,0.8,2.15,7.3,0,1
47,S&K폴리텍,15,52.722,50,1,0,267.9,58.57,-4.54,31.77,11.43,1.14,4.78,4.99,0,0
48,SGC에너지,29,21.943,30,0,0,44.68,174.25,-5.29,565.53,8.66,4.83,7.09,1.46,1,0
49,SGC이테크건설,23,4.134,30,0,1,124.55,183.49,-11.25,14.96,4.63,11.85,29.2,4.44,0,0
50,SHD,34,2.097,2,0,0,193.08,74.96,10.65,35.49,5.53,8.04,14.27,1.78,0,0
51,SIMPAC,33,12.3,40,0,0,144.38,62.24,21.34,80.4,13.31,10.06,13.3,8.08,0,1
52,SK,13,7.827,4000,0,1,37.73,72.37,15.36,-20.85,54.55,3.05,9.5,21.69,0,1
53,SKC,25,11.528,22,0,1,42.82,64.44,5.77,-0.75,3.03,0.42,0.86,16.08,0,1
54,SK디스커버리,46,10.925,30,0,0,40.77,63.3,28.69,68.1,109.63,1.41,4.04,7.09,1,1
55,SK디앤디,7,14.813,80,0,0,263.1,170.51,12.42,18.93,18.94,3.84,19.18,5.09,1,1
56,SK하이닉스,26,11.012,30.8,0,0,140.9,44.66,32.62,36.14,23.02,14.34,16.29,48.92,1,1
57,SNT모티브,20,27.777,32,0,0,277.94,33.73,5.65,2.53,9.09,8.26,9.62,21.24,1,0
58,SNT에너지,14,41.481,160,0,0,336.67,31.22,-2.99,-28.06,7.82,4.26,5.27,5.17,0,0
59,SNT중공업,46,15.135,16,0,0,378.25,32.62,5.82,13.68,23.85,2.55,9.49,6.7,1,1
60,SNT홀딩스,20,6.667,140,0,1,7586.68,0.16,0.41,-25.34,87.53,3.88,3.89,11.22,0,1
61,TCC스틸,38,12.112,15,1,0,141.17,142.17,18.3,26.1,7.1,7.49,22.69,7.32,0,1
62,TPC,21,25.272,7,0,1,100.06,176.97,5.05,-4.35,2.2,1.46,4.37,1.83,1,0
63,WISCOM,26,63.228,10,1,0,517.71,10.76,3.13,12.85,3.11,0.63,2.75,4.59,1,0
64,YTN,21,4.044,5,0,0,412.85,52.12,24.28,8.45,37.14,0.31,21.1,0.36,1,1
65,YW,21,32.462,20,0,1,754.94,26.85,-17.8,-9.64,16.95,3.33,3.44,1.28,0,0
66,가비아,17,3.685,14,0,1,94.19,68.64,9.6,12.13,6.14,7.08,6.92,12.98,0,1
67,가온미디어,17,8.072,20,1,1,158.54,76.66,-2.87,-15.52,-0.63,2.29,-1.27,5.54,0,1
68,가온전선,35,28.204,8.4,0,0,167.74,126.04,21.1,17.45,0.97,2.27,3.28,2.76,1,0
69,강남제비스코,47,6.85,50,1,1,177.59,38.76,1.47,14.21,-12.15,-6.24,-11.75,10.99,0,0
70,갤럭시아머니트리,15,621.261,9,1,1,146.51,189.09,20.85,15.92,-0.18,2.74,-0.16,1.1,0,0
71,경남스틸,22,40.79,100,0,0,158.95,74.77,16.81,15.05,1.79,4.26,6.61,0.93,1,0
72,경농,45,38.817,70,0,0,176.74,46.13,4.62,5.5,14,4.7,11.43,1.07,0,1
73,경동도시가스,5,23.268,35,0,0,116.9,141.35,29.35,34.1,1.52,2.98,5.94,17.35,0,0
74,경동인베스트,25,11.772,15,0,1,5001.46,0.39,-0.31,15.58,4.49,0.2,0.12,13.17,0,1
75,경동제약,30,108.045,100,0,1,387.88,12.15,0.29,0.6,7.19,5.33,4.8,4.92,1,0
76,경보제약,7,15.949,10,1,1,125.17,62.65,-6.42,-20.73,-4.39,-2.8,-5.14,0.94,1,0
77,경인양행,27,7.622,10,1,0,104.5,121.84,19.69,28.85,6.52,3.48,8.65,3.35,1,0
78,경인전자,33,8.793,5,1,0,816.57,9.24,7.18,46.29,13.45,1.92,3.95,14.02,0,0
79,고려산업,31,21.828,4,0,1,69.92,130.84,10.53,10.64,1.38,1.51,2.93,1.78,0,1
80,고려신용정보,20,42.366,60,0,1,79.92,102.83,6.41,8.49,6.21,16.93,27.45,1.48,1,1
81,고려아연,32,43.581,400,0,0,411.97,16.21,10.72,26.72,10.53,11.11,10.53,18.23,1,1
82,고려제강,46,5.314,30,0,0,149.99,22.39,3.04,13.67,8.85,2.63,3.85,8.36,0,0
83,고려제약,22,20.274,34,0,0,682.05,15.55,6.32,11.49,12.14,12.71,11.79,2.31,0,1
84,고영,14,20.492,120,0,0,652.11,28.49,21,46.52,16.78,11.94,13.53,65.03,1,0
85,골프존,7,28.719,700,0,0,171.98,56.99,30.22,47.06,17.95,23.29,25.7,21.51,0,1
86,골프존뉴딘홀딩스,11,4.406,28,0,0,33.24,17.57,25.02,39.3,167.29,8.52,22.42,2.09,0,1
87,광동제약,33,16.084,10,0,1,189.61,47.59,4.99,7.97,3.69,5.8,6.26,20.08,1,0
88,광명전기,32,7.397,2,0,1,230.44,46.27,0.71,9.08,3.74,1.54,4.46,2.94,1,0
89,광주신세계,20,25.819,170,0,0,234.16,14.28,8.65,15.23,30.82,7.11,7.03,12.39,0,1
91,구영테크,20,23.66,6,0,0,93.95,143.58,-0.17,19.8,2.81,2.07,4.61,0.96,1,0
92,국도화학,33,12.101,44,0,0,177.62,66.09,57.72,77.58,11.19,18.24,22.83,21.94,1,1
93,국보디자인,20,11.958,68,0,0,99.06,55.4,30.46,16.42,5.79,6.9,8.2,11.43,0,1
94,국순당,22,18.992,52,0,0,548.46,9.04,0,22.63,27.35,0,7.53,1.92,0,1
95,그린케미칼,17,32.215,44,0,0,132.95,71.56,19.71,18.08,5.57,9.85,12.91,0.41,1,1
96,극동유화,31,48.938,32,0,0,129.45,69.53,12.29,54.88,1.25,6.93,6.85,2.01,1,1
97,금강공업,34,0,10,1,0,83.55,107.74,13.71,18.89,6.26,3.97,6.64,1.3,1,1
98,금강철강,20,19.072,24,0,0,393.67,25.38,8.23,35.05,3.86,6.93,7.82,1.37,1,1
99,금비,32,25.072,32,1,0,81.96,92.75,4.65,3.7,3.88,0.91,3.78,0.72,0,1
100,금호건설,46,19.38,16,0,0,113.43,162.11,26.12,12.87,7.24,6.39,22.51,6.5,0,1
101,금화피에스시,22,33.194,260,0,0,660.42,8.93,4.58,0.09,10.83,7.7,8.83,26.02,1,0
102,기신정기,15,44.808,30,0,0,1054.18,7.62,3.44,3.22,8.68,4.42,3.91,65.45,0,0
103,까뮤이앤씨,33,29.385,4,1,1,96.7,97.4,17.35,1.21,-1.84,-1.54,-3.05,2.65,0,0
104,나노신소재,11,19.254,24,0,0,525.24,21.17,14.13,26.13,13.48,5.27,8.22,1.9,0,1
105,나라엠앤디,21,18.628,10,1,0,94.62,100.37,-5.07,2.3,-1.01,-0.72,-1.31,0.98,0,0
106,나이스디앤비,11,25.251,46,0,0,329.73,26.79,16.09,7.32,18.53,17.4,19.03,45.43,0,1
107,나이스정보통신,22,13.961,118,0,0,229.84,39.56,13.64,8.66,13.18,10.87,11.77,23.39,0,1
108,남양유업,44,1.451,20,1,1,454.95,24.26,-6.12,0.39,-6.29,-7.35,-7.35,13.57,1,0
109,남해화학,27,13.279,6,0,1,210.79,52.95,21.28,43.77,1.49,2.87,4.63,5.4,1,0
110,남화산업,4,29.975,100,0,0,1041.22,9.95,8.98,46.17,53.05,8.28,9.04,0.13,1,1
111,남화토건,10,13.44,30,0,0,413.5,17.97,5.24,42,8.16,6.08,7.11,2.49,0,1
112,네오셈,4,9.661,15,0,1,550.74,79.54,36.77,-26.89,11.35,3.36,8.6,0,0,0
113,네오오토,7,8.392,14,0,0,146.21,64.54,1.47,21.16,4.61,4.04,7.37,3.47,0,1
114,네오티스,15,42.654,50,0,0,96.47,97.09,10.23,19.56,9.14,4.22,7.5,9.04,0,0
115,네오팜,15,30.906,140,0,1,920.38,10.26,7.05,7.38,19.01,15.09,12.9,11.84,0,1
116,넥센,35,18.841,20,0,0,171.69,19.64,5.62,43.6,5.3,3.61,4.44,1.93,1,1
117,넥센타이어,46,233.322,21,1,1,184.18,80.07,5.38,17.08,-1.45,-1.59,-1.31,5.34,1,0
118,넷마블,5,17.362,528,0,0,35.12,60.67,39.93,-4.27,33.23,0.5,7.73,22.72,0,0
119,노루페인트,16,38.97,55,0,1,141.08,92.47,0.31,16.57,1.54,2.6,3.2,5.98,1,0
120,노바렉스,4,9.065,60,0,0,124.45,81.53,17.97,24.92,9.49,11.86,18.89,1.71,0,0
121,노바텍,4,4.272,30,0,0,481.69,20.38,2.6,-8.25,44.39,10.47,13.8,1.44,1,0
122,노터스,3,14.846,200,0,0,156.83,42.86,25.02,7.87,19.31,9.78,14.84,1.91,1,1
123,녹십자,33,16.668,40,0,0,224.13,57.14,3.39,-4.68,12.08,3.13,11.54,23.02,0,1
124,녹십자웰빙,3,21.187,16,0,0,117.28,57.43,21.33,20.32,7.37,5.59,7.59,1.44,0,1
125,녹십자홀딩스,44,14.227,80,0,1,26.82,63.09,-1.29,-6.16,48.24,3.34,5.45,5.24,1,0
126,농심홀딩스,19,18.867,40,0,1,2540.3,0.78,0.53,0,67.88,2.33,2.34,1.86,1,0
127,뉴트리,4,11.199,50,0,0,350,50.12,43.26,34.15,7.64,14.1,19.8,3.99,0,0
128,뉴파워프라즈마,6,7.56,50,0,1,174.64,68.1,12.79,14.03,16.76,3.64,9.08,2.99,1,0
129,다우데이타,23,1.274,60,0,0,87.06,157.13,6.72,8.75,11.27,2.16,13.13,9.56,0,1
130,다원시스,12,8.53,10,1,1,129.11,135.84,11.29,18.62,-3.18,-2.2,-3.33,11.35,0,0
131,대동,47,4.783,8,0,0,98.02,210.89,23.58,39,1.82,1.97,6.16,3.99,0,0
132,대동금속,29,7.457,6,0,0,70.46,142.23,-0.25,20.84,1.91,2.49,5.87,0.67,0,0
133,대동기어,31,7.551,8,0,0,90.77,210.77,11.43,29.74,2.35,3.49,6.88,0.47,0,0
134,대동스틸,20,3.417,10,0,0,300.6,41.27,35.46,55.53,8.78,16.22,18.91,3.71,0,1
135,대륙제관,28,20.906,20,0,1,282.98,43.59,3.53,11.18,3.22,4.35,6.24,5.58,0,0
136,대림제지,28,4.181,20,0,0,228.3,27.13,8.9,40.8,11.87,9.9,10.37,3.46,0,1
137,대모,3,32.517,36,0,0,270.04,66.3,4.31,23.73,8.43,0.08,8.56,1.36,0,1
138,대봉엘에스,17,5.451,10,0,1,365.73,25.24,6.94,6.4,4.7,3.39,4.06,2.06,0,0
139,대상,52,19.888,80,0,0,157.24,117.27,12.8,10.38,4.87,4.91,11.58,10.3,1,1
140,대상홀딩스,17,6.249,24,0,0,608.44,31.3,22.89,7.16,13.07,2.43,0.98,4.1,1,1
141,대성미생물,22,32.948,15,0,1,446.35,69.23,0.57,-3.24,3.61,0.54,2.34,0.86,1,0
142,대성에너지,12,57.069,25,0,1,92.04,133,5.78,3.7,1.63,1.99,3.92,1.5,1,0
143,대성홀딩스,23,16.797,25,0,1,1294.9,50.33,-0.02,-48.14,33.28,2.31,2.51,9.02,0,0
144,대신정보통신,27,22.752,2,0,0,133.47,157.77,-14.53,10.17,0.87,3.32,6.18,3.83,0,0
145,대양전기공업,11,10.549,20,0,0,409.56,11.32,7.91,-29.11,17.46,2.8,9.59,2.04,0,0
146,대양제지,29,1.492,8,0,0,3153.93,20.62,-2.89,-93.02,74.62,-5.43,4.21,0.48,1,0
147,대웅,49,4.158,20,0,0,638.04,5.03,11.94,9.82,50.42,12.25,12.25,4.48,1,0
148,대웅제약,20,21.95,24,0,0,84.95,105.07,6.14,11.69,3.39,7.58,5.83,6.77,0,0
149,대원,5,13.194,60,0,0,256.94,51.67,6.29,81.49,6.29,5.74,5.34,0.62,0,1
150,대유에이피,4,27.725,40,0,0,96.29,237.79,26.63,0.7,5.64,4.74,13.26,0.69,0,0
151,대정화금,12,25.482,60,0,1,298.17,20.66,1.22,10.9,9.5,4.85,6.25,0.81,0,0
152,대주산업,30,27.89,6,0,0,125.19,51.51,9.75,-0.93,4.68,2.91,6.04,1.61,0,0
153,대주전자재료,18,6.482,20,0,0,139.12,118.74,43.58,31.14,13.87,6.54,16.78,12.98,0,1
154,대창단조,33,12.389,27,0,0,501.16,16.24,12.03,46.61,5.49,9.08,8.98,7.84,0,1
155,대한과학,11,8.916,12,0,0,256.34,38.4,19.33,4.61,6.65,7.6,9.39,1.69,0,0
156,대한약품,28,9.489,80,0,0,319.91,34.38,7.69,3.24,13.22,10.67,11.18,16.57,0,0
157,대한유화,23,14.417,70,0,0,332.64,19.2,17.35,33.58,5.65,7.66,7.25,12.31,1,1
158,대한제강,17,5.272,40,0,0,158.55,54.93,32.27,48.79,8.37,14.56,18.03,11.84,0,1
159,대한제당,54,52.559,22,0,1,161.25,107.08,3.37,4.05,1.17,3.09,2.73,2.39,0,0
160,대한제분,52,4.712,50,0,0,254.75,20.67,23.7,11.55,23.03,1.85,10.86,8.13,1,1
161,대한화섬,37,3.456,15,0,0,294.72,22.34,25.68,35.05,20.77,0.35,3.29,0.1,1,1
162,대현,32,20.711,18,0,0,311.17,26.72,10.74,13.7,6.68,8,8.71,12.1,0,1
163,대화제약,19,133.919,30,1,0,70.22,89.27,1.86,7.75,2.62,1.57,2.77,3.43,0,0
165,더블유게임즈,3,7.603,140,0,1,260.46,15.75,34.69,-10.67,58.72,7.55,14.51,9.43,1,1
166,더존비즈온,34,30.311,90,0,1,53.39,81.89,11.42,3.49,16.62,7.86,10.63,40.03,1,0
167,덕성,35,12.412,9,0,0,208.39,46.33,18.35,-0.6,5.03,3.76,6.56,1.28,0,0
168,덕우전자,5,26.475,14,0,1,97,70.63,13.01,13.14,5.16,3.31,8.26,2.13,0,0
169,덴티움,5,3.885,50,0,0,108.62,98.78,8.05,25.94,20.87,10.05,17.74,23.53,0,1
170,도이치모터스,18,27.288,70,0,0,55.75,185.23,1.98,17.99,1.5,7.78,12.49,5.54,0,1
171,도화엔지니어링,12,62.098,56,0,1,106.04,72.37,8.81,-4.04,3.17,4.7,6.77,1.84,0,0
172,동구바이오제약,4,30.063,20,0,0,134,53.71,6.61,11.43,6.01,5.82,9.32,0.66,0,0
173,동국알앤에스,18,49.663,8,0,0,112.31,64.96,2.87,10.46,2.32,1.29,2.49,2.43,0,0
174,동국제약,15,15.212,36,0,1,285.84,29.76,11,2.98,10.14,9.57,11.54,18.12,1,0
175,동방아그로,45,61.967,70,0,0,336.58,39.24,4.31,3.47,5.23,4.01,4.78,30.29,0,0
176,동부건설,44,17.751,18,0,0,166.14,86.03,29.93,-6.83,8.74,5.71,16.36,1.79,1,0
177,동서,6,59.985,140,0,1,1440.13,8.91,3.86,12.62,22.82,2.12,7.91,2.82,1,0
178,동성케미컬,14,23.399,20,1,0,112.43,38.39,31.95,76.67,3.9,1.47,4.37,4.12,0,0
179,동성화인텍,25,37.096,70,0,0,132.35,106.92,19.81,-6,6.34,11.24,16.23,4.54,0,0
180,동신건설,27,242.437,30,1,0,529.22,29.03,-2.5,61.79,-0.51,2.84,-0.35,0.43,0,0
181,동아쏘시오홀딩스,52,15.493,30,0,1,38.76,51.53,7.88,6.14,36.12,3.18,3.21,12.16,1,1
182,동아에스티,9,65.862,20,0,1,191.27,69.03,13.24,0.6,2.03,1.39,1.81,20.06,1,0
183,동아엘텍,15,379.071,30,0,0,376.49,19.1,1.28,33.59,5.64,5.49,4.98,3.84,1,0
184,동아지질,13,103.4,70,0,0,165.72,71.21,4.79,-8,1.71,1.17,2.43,6.07,1,1
185,동아타이어,5,83.029,200,0,0,258.17,10.43,2.88,24.49,9.35,3.53,4.51,3.04,1,1
186,동아화성,21,17.66,30,0,0,194.45,42.41,20.44,3.64,9.09,4.54,9.8,1.3,0,1
187,동양에스텍,20,5.018,10,0,0,147.43,88.48,38.07,46.9,9.01,14.26,24.93,1.88,0,0
188,동양이엔피,17,13.314,60,0,1,276.1,33.16,7.62,13.19,3.05,1.59,6.08,6.23,1,0
189,동양피스톤,5,10.291,12,0,0,96.46,175.76,3.67,10.79,0.95,2.14,2.69,4.46,0,0
190,동운아나텍,7,2.188,4,1,1,161.27,209.57,-10.01,-28.36,-29.35,-24.99,-72.84,1.8,1,0
191,동원F&B,22,19.435,70,0,0,115.12,101.01,7.55,-0.59,3.44,6.54,9.19,5.67,1,0
192,동원개발,28,18.764,30,0,1,889.52,28.19,15.14,-33.81,17.41,7.94,7.6,12.51,1,0
193,동일고무벨트,10,18.335,16,0,1,181.35,51.51,10.62,14.29,1.26,0.58,1.71,2.07,1,0
194,동일금속,13,14.037,50,0,0,422.74,12.34,15.24,17.8,21.76,1.66,10.74,2.2,0,0
195,동일기연,25,1.698,8,0,0,1420.27,6.33,18.12,4.21,38.47,3.2,15.77,2.54,0,0
196,동일산업,17,19.79,80,0,0,540.36,13.26,12.95,43.78,9.72,8.89,10.01,3.08,1,1
197,동진쎄미켐,23,5.497,22,0,0,120.51,101.22,15.73,16.73,9.87,10,17.24,9.4,1,1
198,동화약품,46,25.442,18,0,1,345.23,20.92,2.7,1.79,5.41,4.5,4.28,2.36,1,0
199,두올,6,16.703,3.2,0,0,235.98,66.25,0.83,-4.51,5.48,6.38,7.71,0.67,1,0
200,드림텍,3,24.522,300,0,0,130.78,69.29,27.95,37.92,3.09,8.19,8.06,20.86,1,1
201,디바이스이엔지,5,9.942,90,0,0,384.31,44.05,18.17,-0.88,25.02,19.24,24.21,0.99,1,0
202,디스플레이텍,20,23.059,16,0,0,328.29,25.83,15.3,239.06,4.41,1.85,3.55,2.16,0,0
203,디알젬,4,12.312,28,0,1,305.93,37.35,15.68,-18.99,14.7,14.69,20.49,15.29,0,0
204,디에이치피코리아,12,16.216,20,0,1,800.14,10.25,7.81,-5.77,17.26,7.48,7.79,4.18,1,0
205,디엔에프,15,19.655,40,0,1,369.29,11.49,23.46,4.65,12.34,6.93,7.45,6.86,1,0
206,디와이,33,25.522,24,0,1,928.08,1.05,-0.11,-72.45,20.17,1.25,1.15,8.18,1,1
207,디와이파워,7,10.661,60,0,0,261.64,28.83,12.9,59.44,6.66,5.09,10.2,5.86,1,1
208,디와이피엔에프,13,20.881,20,0,1,230.27,67.18,7.66,-52.3,6.32,3.4,6.37,9.85,0,0
209,디지털대성,19,61.407,92.8,0,0,61.02,53.2,90.98,75.22,7.99,8.28,10.02,2.36,0,1
210,디지틀조선,25,27.719,4,0,1,627.46,11.84,9.3,10.47,8.42,2.47,3.22,2.21,0,0
211,디케이락,12,18.782,40,0,0,242.79,54.02,4.6,19.9,11.17,6.32,9.57,1.69,0,1
212,디티알오토모티브,34,20.259,400,0,0,194.26,90.64,243.07,40.14,134.17,2.29,48.02,6.02,1,0
213,딜리,11,36.49,40,1,0,265.94,20.85,12.59,27.68,8.44,2.87,5.18,18.64,0,0
214,라이온켐텍,9,36.676,40,0,0,296.69,21.5,2.39,13.46,5.66,6.7,7.35,2.65,0,0
215,러셀,7,14.229,30,0,0,405.6,27.46,41.34,63.41,13.06,9.14,12.56,0.39,1,1
216,레드캡투어,22,54.277,160,0,0,26.47,174.81,8.01,-0.34,5.4,4.19,6.77,11.83,0,1
217,레이언스,6,11.166,20,1,0,1125.98,9.8,7.65,27,11.71,10.37,6.3,3.08,0,0
218,로지시스,7,70.135,30,0,0,343.09,39.71,9.49,4.08,6.05,4.01,11.01,1.89,0,1
219,롯데쇼핑,16,28.999,56,1,0,62.45,148.33,-2.8,-3.44,2.28,0.36,1.97,10.88,1,0
220,롯데정밀화학,46,10.006,46,0,0,279.21,18.27,21.61,41.11,14.9,11.78,14.99,22,1,1
221,롯데정보통신,4,30.556,14,0,0,162.54,72.07,15.26,9.18,3.84,5.49,8.11,1.44,1,0
222,롯데지주,48,71.346,750,1,0,67.26,68.47,4.64,-13.46,-14.48,1.35,-0.74,8.06,1,1
223,롯데케미칼,31,19.955,166,0,0,183.21,41.24,14.83,49.81,6.09,5.6,6.78,24.85,1,1
224,롯데하이마트,11,40.27,20,1,1,118.65,61.08,-12.11,-4.49,-1.48,3.63,-3.14,7.85,1,0
225,리노공업,21,36.556,500,0,0,729.99,11.65,29,39.15,37.05,25.11,24.85,48.55,0,1
226,린드먼아시아,4,10.518,8.4,0,0,1242.79,6.16,11.87,23.86,38.78,12.81,9.95,0.27,1,1
227,마이크로컨텍솔,14,3.293,6,0,0,388.73,22.54,20.98,56.57,12.46,14.17,18.04,15.61,0,1
228,마크로젠,22,128.314,60,0,0,126.87,47.57,7.4,10.55,16.31,3.19,10.7,2.22,0,0
229,만호제강,45,70.33,20,0,0,717.54,10.68,4.01,-0.24,1.11,0.69,0.93,5.54,0,0
230,매커스,15,5.771,24,0,0,192.77,82.14,45.5,60.25,15.57,14.79,26.46,14.72,0,1
231,메가스터디교육,7,28.895,2000,0,0,82.07,100.65,31.55,51.11,12.85,14.43,24.75,34.06,0,1
232,메가엠디,7,49.793,30,0,0,169.66,55.02,3.2,-5.78,13.59,8.84,12.73,0.63,1,1
233,메타바이오메드,14,4.74,4,1,0,115.61,65.06,-7.31,27.47,12.57,3.91,11.37,2.13,1,1
234,멕아이씨에스,7,14.333,16.6,0,1,1148.72,25.48,33.28,-31.33,23.79,13.18,14.16,0.52,1,0
235,모나미,48,12.009,10,0,0,140.57,89.6,1.29,4.62,11.64,1.3,13.86,2.79,0,1
236,무림P&P,33,39.511,5,1,0,96.14,95.93,0.9,17.26,2.61,1.33,2.51,1.57,1,0
237,무림SP,22,12.776,5,0,1,160.7,48.61,4.37,5.39,3.76,2.07,2.68,3.2,0,0
238,무림페이퍼,32,253.715,1,1,1,94.65,208.11,4.39,12.62,-3.78,-2.05,-5.94,3.52,1,0
239,무학,12,37.989,115,1,1,28.74,29.22,7.5,-10.37,-13.45,0,-3.33,14.73,1,1
240,문배철강,28,5.791,15,0,0,144.19,46.75,11.8,34.19,12.39,9.9,17.75,2.05,1,1
241,미스터블루,8,9.175,25,0,1,340.31,22.11,19.25,-1.06,11.79,6.21,7.83,1.18,0,0
242,미원상사,33,51.445,1200,0,1,382.44,24.61,11.91,22.08,15.82,16.15,19.38,4.33,1,1
243,미원에스씨,5,13.198,420,0,0,382.06,27.76,29.11,43.77,15.18,23.1,24.75,1.06,1,1
244,미원화학,11,26.999,250,0,1,1001.2,11.58,6.79,23.24,5.75,9.54,9.46,5.39,0,0
246,바디텍메드,8,9.009,20,0,1,476.03,16.88,13.65,10.82,29.46,27.36,28.05,3.28,1,0
247,바텍,16,2.682,20,1,0,298.9,34.24,14.57,51.11,18.19,14.58,15.77,29.3,0,0
248,방림,33,23.383,9,0,0,500.3,18.76,6.36,17.13,8.48,2.15,3.72,0.91,1,1
249,백광산업,46,14.819,10,0,0,43.96,89.19,11.31,11.58,7.91,5.19,7.94,2.05,0,0
250,백산,23,12.648,20,1,0,157.34,66.29,5.15,-0.13,6.96,10.88,9.27,2.94,0,0
251,베뉴지,29,2.733,6,0,0,121.12,58.68,5.26,-3.73,90.33,-0.38,11.03,1.05,0,0
252,벽산,50,37.906,2,1,1,104.78,78.91,6.43,9.71,-2.23,1.3,-3.05,4.19,1,1
253,보광산업,7,55.677,30,0,0,335.51,66.6,6.69,26.36,13.99,9.44,11.93,3.79,0,1
254,보락,33,17.67,2.5,0,0,427.34,23.66,4.08,3.84,4.26,3,3.72,2.03,0,1
255,부광약품,34,244.743,20,1,0,528.11,30.81,1.41,9.32,1.34,3.23,0.78,6.53,0,0
256,부국철강,14,17.057,15,0,0,378.26,25.13,13.99,40.89,4.49,5.35,7.3,2.76,0,0
257,부산산업,32,8.131,5,1,1,152.2,20.35,-2.17,16.23,0,-0.05,0,2.06,0,0
258,뷰웍스,13,20.557,150,0,0,313.48,25.84,22.38,23.85,18.53,14.84,17.67,33.45,0,1
259,브리지텍,14,48.977,24,0,0,186.47,48.65,38.96,22.64,5.19,5.3,7.09,2.97,0,1
260,브이원텍,5,13.501,20,0,0,515.78,26.8,31.08,40.61,29.98,6.41,13.31,0.35,1,0
261,비상교육,14,44.669,44,1,0,189.27,25.68,4.04,17.47,6.56,5.16,4.99,7.37,1,1
262,비아트론,10,8.552,20,0,0,283.73,19.25,3.96,-14.18,19.84,6.36,9.89,3.04,1,0
263,비엠티,15,21.33,30,0,0,166.08,128.28,25.66,22.14,4.06,3.27,5.48,1.74,1,0
264,비즈니스온,5,71.527,40,0,0,372.71,9.36,2.7,12.51,23.27,9.72,6.99,8.12,0,0
265,비츠로셀,13,18.775,30,0,0,329.06,23.69,9.21,-0.55,14.72,8.18,9.91,34.11,0,1
266,비츠로테크,22,5.55,10,0,1,250.73,10.51,-1.92,-60.28,23.24,3.53,3.18,0.56,1,0
267,비트컴퓨터,25,20.52,12.2,0,1,319.73,21.27,0.91,-3.53,13.82,8.4,8.13,1.42,1,0
268,빅솔론,15,15.503,50,0,0,719.99,12.72,17.03,32.12,28.03,6.74,14.72,12.69,0,1
269,빙그레,44,64.048,28,1,1,186.42,28.52,1.78,8.43,-1.08,4.3,-1.88,19.21,1,0
270,빛샘전자,10,14.761,20,0,0,581.86,14.2,22.82,53.13,8.01,3.12,4.1,4.12,1,0
271,사람인에이치알,10,20.839,120,0,0,126.56,26.06,33.62,45.31,32.49,20.99,21.88,31.96,0,0
272,사조대림,46,3.314,6,0,0,123.19,79.12,8.27,7.35,4.71,11.47,14.43,3.03,0,1
273,사조산업,33,2.707,6,1,0,140.63,79.42,1.12,5.34,2.63,3.48,3.51,3.58,0,1
274,사조오양,36,11.95,4,0,1,119.81,60.62,-0.88,0.38,4.8,6.45,8.02,1.84,0,1
275,삼륭물산,30,90.245,15,0,1,112.79,42.22,3.47,-10.2,5.35,2.89,2.92,0.21,1,0
276,삼보판지,26,4.645,35,0,0,152.51,29.45,5.35,39.8,4.48,4.34,4.59,4.22,0,1
277,삼성SDI,43,5.354,20,0,0,129.24,40.46,10.21,27.25,5.15,3.49,4.97,45.45,0,0
278,삼성공조,35,25.868,16,1,1,563.25,13.62,1.13,26.88,-1.27,0.32,-0.42,1.99,1,0
279,삼성물산,8,37.876,4200,0,0,106.72,55.52,-0.59,10.64,9.08,0.56,6.75,14.87,0,1
280,삼성출판사,20,33.698,40,0,1,529.93,22.98,38.56,-0.95,1.91,0.54,0.63,0.44,1,0
281,삼아알미늄,42,18.103,40,0,0,106.18,86,9.49,37.31,5.69,6.87,9.96,33.32,0,1
282,삼아제약,22,44.983,25,0,0,564.37,9.95,3.87,1.89,6.2,3.22,1.97,5.19,0,0
283,삼양사,11,22.279,25,0,1,131.08,85.62,9.52,17.03,1.62,0.89,2.45,5.65,0,0
284,삼양식품,47,13.295,20,0,1,136.43,95.76,35.65,-0.93,7.77,8.04,13.71,9.35,0,1
285,삼양옵틱스,5,85.521,180,0,0,351.68,37.14,17.71,49.51,18.12,23.1,27.4,1.9,0,1
286,삼양패키징,5,46.894,20,0,1,103.11,90.66,8.5,6.63,7.73,7.53,9.43,7.72,1,0
287,삼영무역,34,21.585,110,0,0,674.27,13.77,9.52,34.69,10.71,3.39,9.31,20.05,0,1
288,삼영엠텍,21,10.979,14,1,1,171.65,42.41,-6.63,-5.06,-19.16,0.32,-15.32,0.74,1,0
289,삼원강재,11,47.395,21,0,0,319.37,23.75,4.93,21.94,2.94,3.53,4.03,0.72,0,0
290,삼익THK,33,52.574,60,0,0,131.55,91.6,-2.43,17.67,3.8,3.92,5.98,34.48,1,1
291,삼익악기,34,17.452,10,0,0,76.24,76.46,-4.87,40.47,17.05,3.22,13.08,3.55,0,0
292,삼일,25,17.876,3,1,0,39.26,68.09,-10.64,2.3,-3.05,-2.77,-4.4,1.29,0,0
293,삼일기업공사,30,42.062,20,0,0,628.66,18.7,7.39,14.08,4,4.52,4.78,6.82,0,0
294,삼일제약,37,18.724,16,1,1,57.35,243.6,16.11,9.19,-3.54,0.43,-7.28,3.06,0,0
295,삼정펄프,16,32.834,20,0,1,662.99,10.78,2.85,-5.6,5.51,0.56,3.52,3.48,1,0
296,삼지전자,23,10.004,80,0,1,170.03,43.44,-7.85,-42.8,17.69,-0.43,5.14,2.65,0,1
297,삼진,25,6.238,20,0,0,511.93,15.16,8.64,-0.49,8.77,1.16,12.34,1.48,1,0
298,삼진엘앤디,18,125.44,10,1,0,157.79,59.57,8.55,35.41,0.3,0.92,0.3,2.88,0,0
299,삼진제약,34,34.651,80,0,0,282.49,41.99,23.59,6.34,11.36,10.2,12.13,9.19,1,0
300,삼천리자전거,27,41.676,30,0,1,161.19,24.84,-4.86,7.41,3.22,8.97,3.85,5.69,0,0
301,삼표시멘트,21,39.594,15,0,1,82.56,90.43,4.82,2.73,2.13,2.3,1.88,1.19,1,0
302,삼현철강,21,18.243,60,0,0,474.61,20.49,14.95,43.23,7.88,15.63,14.42,2.45,1,1
303,삼호개발,17,30.503,38,0,1,270.54,32.64,-5.17,-12.67,3.91,4.03,5.54,5.86,1,0
304,삼화전기,36,12.828,30,0,0,103.82,112.26,11.93,23.89,6.59,14.41,21.23,25.4,0,1
305,상신브레이크,18,14.928,16,0,0,111.56,87.76,1.8,13.85,1.86,4.77,2.97,3.21,0,1
306,상아프론테크,11,33.532,40,0,0,271.68,47.19,15.65,20.95,6.99,4.74,5.12,1.97,1,1
307,새론오토모티브,17,19.164,28,0,1,458.55,9.95,3.5,-6.03,9.49,0.44,4.54,66.66,1,0
308,샘표,46,1.931,20,0,1,10010.64,4.23,6.87,-29.35,91.51,5.76,6.21,5.43,1,0
309,샘표식품,6,3.855,40,0,1,198.89,48.19,18.03,10.39,6.41,6.63,10.7,4.52,1,0
310,서린바이오,17,5.064,20,0,0,410.11,80.45,78.65,25.12,20.29,5.71,20.95,1.89,0,0
311,서부T&D,27,7.274,10,1,0,52.67,175.66,-3.77,7.18,11,-0.02,1.56,10.83,1,0
312,서암기계공업,11,34.643,7,0,0,487.24,17.08,6.17,41.1,2.84,0.78,2.04,2.92,0,0
313,서연,33,4.903,20,0,1,1258.29,1.13,0.78,19.9,21.51,0.7,1.1,0.08,0,1
314,서연이화,8,13.628,30,1,0,95.31,68.18,0.87,5.29,2.6,4.21,4.22,7.12,1,1
315,서연탑메탈,11,21.449,14,0,0,171.36,62.65,-2.29,9.41,5.16,9.49,10.17,0.85,0,0
317,서울반도체,20,42.17,92,0,0,197.85,32.72,1.05,11.74,4.01,4.31,5.8,8.25,1,1
318,서원인텍,15,38.557,70,0,1,1073.54,8.32,4.26,9.92,12.07,1.94,9.06,5.48,1,0
319,서플러스글로벌,5,6.253,50,0,0,227.96,69.52,23.49,66.47,13.48,9.78,16.03,1.6,0,1
320,서호전기,20,29.225,200,0,0,431.08,16.26,9.91,9.62,26.45,14.94,20.24,1.54,1,0
321,서흥,32,9.376,100,0,0,148.32,61.44,1.16,7.14,8.87,9.19,12.19,11.37,1,1
322,서희건설,23,8.021,10,0,0,158.53,90.49,27.91,3.75,13.01,15.74,24.18,7.95,0,1
323,선진,11,5.607,20,0,1,77.35,104.87,1.57,25.78,1.69,3.62,4.95,15.5,0,0
325,성광벤드,21,229.865,20,1,1,984.26,8.28,-0.32,-30.34,-1.72,-1.49,-0.47,5.02,1,0
326,성도이엔지,22,10.483,30,0,1,134.63,72.89,8.39,23.2,4.73,5.7,10.34,5.65,1,0
327,성보화학,46,184.229,24,1,0,332.67,26.82,7.94,11.57,1.79,1.04,0.76,1.54,0,0
328,성신양회,46,76.923,4,0,1,70.96,136.3,3.4,15.44,1.13,2.86,1.55,10.15,0,1
329,성우테크론,21,6.558,8,0,0,190.5,41.11,10.06,15.28,12.17,5.83,8.75,4.04,0,0
330,성우하이텍,27,16.393,16,1,0,122.41,81.67,0.42,9.3,2.37,2,2.88,8.06,1,1
331,성창오토텍,16,9.603,12,0,0,132.68,85.16,-6.59,20.41,3.3,5.97,6.87,2.21,1,1
332,세경하이테크,3,5.185,20,1,0,235.34,48.13,14.64,31.13,8.86,3.61,8.61,3.16,0,0
333,세보엠이씨,26,20.831,50,0,0,175.8,94.57,0.45,-32.52,2.66,2.86,7.18,5.52,0,1
334,세아제강,4,10.723,70,0,0,205.25,80.72,16.74,30.15,6.1,10.74,13.45,8.38,0,1
335,세아제강지주,53,3.12,35,0,1,57.13,11.89,4.46,0.72,104.15,0.54,2.09,7.48,0,1
336,세아특수강,11,37.414,24,1,0,237.62,50.26,14.1,34.51,3.55,5.52,6.93,2.92,0,1
